irpwta,_30jeq3
Men Solid Round Neck White T-Shirt,₹332
Men Solid Round Neck Black T-Shirt,₹297
Women Solid Ankle Length,₹263
Men Printed Round Neck Dark Blue T-Shirt,₹414
Men Solid Round Neck Dark Blue T-Shirt,₹422
Men Printed Round Neck Black T-Shirt,₹332
Men Solid Ankle Length,₹307
Men Solid Round Neck Orange T-Shirt,₹332
Men Self Design Blue Track Pants,₹490
Solid Men Black Sports Shorts,₹429
Men Printed Round Neck Orange T-Shirt,₹315
Men Printed Round Neck Black T-Shirt,₹377
Men Printed Round Neck Black T-Shirt,₹332
"Men Printed Round Neck White, Orange T-Shirt",₹395
Women Solid Round Neck Red T-Shirt,₹332
Men Printed Round Neck Blue T-Shirt,₹351
Men Printed Round Neck Yellow T-Shirt,₹339
Men Printed Round Neck Black T-Shirt,₹385
Men Calf Length,₹367
Men Printed Round Neck Blue T-Shirt,₹377
Women Color Block Round Neck Green T-Shirt,₹395
Men Solid Round Neck Red T-Shirt,₹377
Men Self Design Round Neck Grey T-Shirt,₹395
Men Typography Round Neck Green T-Shirt,₹337
Printed Men Blue Sports Shorts,₹464
Men Typography Round Neck Beige T-Shirt,₹308
Women Ankle Length,₹244
Men Printed Round Neck Red T-Shirt,₹319
Men Solid Round Neck Black T-Shirt,₹361
Men Printed Round Neck Blue T-Shirt,₹332
Women Solid Round Neck Black T-Shirt,₹395
Men Printed Round Neck Beige T-Shirt,₹319
Men Solid Round Neck Orange T-Shirt,₹392
Men Printed Round Neck Blue T-Shirt,₹332
Men Solid Round Neck White T-Shirt,₹440
Boys Printed Polyester T Shirt,₹255
Men Solid Polo Neck Black T-Shirt,₹390
Men Printed Round Neck Blue T-Shirt,₹330
Men Printed Round Neck Blue T-Shirt,₹364
Casual Sleeveless Self Design Women Black Top,₹384
Men Solid Polo Neck Green T-Shirt,₹480
Men Solid Calf Length,₹221
Men Solid Dark Blue Track Pants,₹417
Men Solid Round Neck Dark Blue T-Shirt,₹395
Men Printed Round Neck Grey T-Shirt,₹287
Men Printed Round Neck Black T-Shirt,₹332
Men Self Design Round Neck Grey T-Shirt,₹395
Men Printed Round Neck Purple T-Shirt,₹377
Men Printed Round Neck Yellow T-Shirt,₹328
Men Printed Round Neck Purple T-Shirt,₹377
Men Printed Round Neck Multicolor T-Shirt,₹435
Men Solid Round Neck Grey T-Shirt,₹415
Solid Men Beige Sports Shorts,₹377
Boys Solid Polyester T Shirt,₹175
Men Printed Round Neck Red T-Shirt,₹399
"Color Block Men Black, Light Green Sports Shorts",₹429
Men Solid Purple Track Pants,₹458
Men Printed Round Neck Pink T-Shirt,₹308
Men Typography Round Neck Light Blue T-Shirt,₹332
Men Typography Round Neck Pink T-Shirt,₹406
Solid Men Green Sports Shorts,₹447
Men Printed Round Neck Blue T-Shirt,₹319
Men Solid Green Track Pants,₹476
Solid Men Dark Grey Sports Shorts,₹447
Men Solid Round Neck Black T-Shirt,₹395
Track Pant For Boys,₹447
Solid Men Black Sports Shorts,₹445
Men Printed Round Neck Dark Blue T-Shirt,₹440
Women Printed Round Neck Grey T-Shirt,₹329
Men Solid Round Neck Maroon T-Shirt,₹369
Pack of 2 Solid Men Maroon Sports Shorts,₹455
Women Printed Round Neck Orange T-Shirt,₹422
Men Solid Round Neck Blue T-Shirt,₹350
Men Printed Round Neck Purple T-Shirt,₹435
Men Self Design Round Neck Grey T-Shirt,₹440
Men Solid Round Neck White T-Shirt,₹440
Men Printed Round Neck Black T-Shirt,₹480
Women Solid Round Neck Pink T-Shirt,₹339
Solid Men Dark Blue Sports Shorts,₹455
Men Solid Round Neck Green T-Shirt,₹300
Men Solid Round Neck White T-Shirt,₹332
Men Solid Round Neck Black T-Shirt,₹297
Women Solid Ankle Length,₹263
Men Printed Round Neck Dark Blue T-Shirt,₹414
Men Solid Round Neck Dark Blue T-Shirt,₹422
Men Printed Round Neck Black T-Shirt,₹332
Men Solid Ankle Length,₹307
Men Solid Round Neck Orange T-Shirt,₹332
Men Self Design Blue Track Pants,₹490
Solid Men Black Sports Shorts,₹429
Men Printed Round Neck Orange T-Shirt,₹315
Men Printed Round Neck Black T-Shirt,₹377
Men Printed Round Neck Black T-Shirt,₹332
"Men Printed Round Neck White, Orange T-Shirt",₹395
Women Solid Round Neck Red T-Shirt,₹332
Men Printed Round Neck Blue T-Shirt,₹351
Men Printed Round Neck Yellow T-Shirt,₹339
Men Printed Round Neck Black T-Shirt,₹385
Men Calf Length,₹367
Men Printed Round Neck Blue T-Shirt,₹377
Women Color Block Round Neck Green T-Shirt,₹395
Men Solid Round Neck Red T-Shirt,₹377
Men Self Design Round Neck Grey T-Shirt,₹395
Men Typography Round Neck Green T-Shirt,₹337
Printed Men Blue Sports Shorts,₹464
Men Typography Round Neck Beige T-Shirt,₹308
Women Ankle Length,₹244
Men Printed Round Neck Red T-Shirt,₹319
Men Solid Round Neck Black T-Shirt,₹361
Men Printed Round Neck Blue T-Shirt,₹332
Women Solid Round Neck Black T-Shirt,₹395
Men Printed Round Neck Beige T-Shirt,₹319
Men Solid Round Neck Orange T-Shirt,₹392
Men Printed Round Neck Blue T-Shirt,₹332
Men Solid Round Neck White T-Shirt,₹440
Boys Printed Polyester T Shirt,₹255
Men Solid Polo Neck Black T-Shirt,₹390
Men Printed Round Neck Blue T-Shirt,₹330
Men Printed Round Neck Blue T-Shirt,₹364
Casual Sleeveless Self Design Women Black Top,₹384
Men Solid Polo Neck Green T-Shirt,₹480
Men Solid Calf Length,₹221
Men Solid Dark Blue Track Pants,₹417
Men Solid Round Neck Dark Blue T-Shirt,₹395
Men Printed Round Neck Grey T-Shirt,₹287
Men Printed Round Neck Black T-Shirt,₹332
Men Self Design Round Neck Grey T-Shirt,₹395
Men Printed Round Neck Purple T-Shirt,₹377
Men Printed Round Neck Yellow T-Shirt,₹328
Men Printed Round Neck Purple T-Shirt,₹377
Men Printed Round Neck Multicolor T-Shirt,₹435
Men Solid Round Neck Grey T-Shirt,₹415
Solid Men Beige Sports Shorts,₹377
Boys Solid Polyester T Shirt,₹175
Men Printed Round Neck Red T-Shirt,₹399
"Color Block Men Black, Light Green Sports Shorts",₹429
Men Solid Purple Track Pants,₹458
Men Printed Round Neck Pink T-Shirt,₹308
Men Typography Round Neck Light Blue T-Shirt,₹332
Men Typography Round Neck Pink T-Shirt,₹406
Solid Men Green Sports Shorts,₹447
Men Printed Round Neck Blue T-Shirt,₹319
Men Solid Green Track Pants,₹476
Solid Men Dark Grey Sports Shorts,₹447
Men Solid Round Neck Black T-Shirt,₹395
Track Pant For Boys,₹447
Solid Men Black Sports Shorts,₹445
Men Printed Round Neck Dark Blue T-Shirt,₹440
Women Printed Round Neck Grey T-Shirt,₹329
Men Solid Round Neck Maroon T-Shirt,₹369
Pack of 2 Solid Men Maroon Sports Shorts,₹455
Women Printed Round Neck Orange T-Shirt,₹422
Men Solid Round Neck Blue T-Shirt,₹350
Men Printed Round Neck Purple T-Shirt,₹435
Men Self Design Round Neck Grey T-Shirt,₹440
Men Solid Round Neck White T-Shirt,₹440
Men Printed Round Neck Black T-Shirt,₹480
Women Solid Round Neck Pink T-Shirt,₹339
Solid Men Dark Blue Sports Shorts,₹455
Men Solid Round Neck Green T-Shirt,₹300
Men Solid Round Neck White T-Shirt,₹332
Men Solid Round Neck Black T-Shirt,₹297
Women Solid Ankle Length,₹263
Men Printed Round Neck Dark Blue T-Shirt,₹414
Men Solid Round Neck Dark Blue T-Shirt,₹422
Men Printed Round Neck Black T-Shirt,₹332
Men Solid Ankle Length,₹307
Men Solid Round Neck Orange T-Shirt,₹332
Men Self Design Blue Track Pants,₹490
Solid Men Black Sports Shorts,₹429
Men Printed Round Neck Orange T-Shirt,₹315
Men Printed Round Neck Black T-Shirt,₹377
Men Printed Round Neck Black T-Shirt,₹332
"Men Printed Round Neck White, Orange T-Shirt",₹395
Women Solid Round Neck Red T-Shirt,₹332
Men Printed Round Neck Blue T-Shirt,₹351
Men Printed Round Neck Yellow T-Shirt,₹339
Men Printed Round Neck Black T-Shirt,₹385
Men Calf Length,₹367
Men Printed Round Neck Blue T-Shirt,₹377
Women Color Block Round Neck Green T-Shirt,₹395
Men Solid Round Neck Red T-Shirt,₹377
Men Self Design Round Neck Grey T-Shirt,₹395
Men Typography Round Neck Green T-Shirt,₹337
Printed Men Blue Sports Shorts,₹464
Men Typography Round Neck Beige T-Shirt,₹308
Women Ankle Length,₹244
Men Printed Round Neck Red T-Shirt,₹319
Men Solid Round Neck Black T-Shirt,₹361
Men Printed Round Neck Blue T-Shirt,₹332
Women Solid Round Neck Black T-Shirt,₹395
Men Printed Round Neck Beige T-Shirt,₹319
Men Solid Round Neck Orange T-Shirt,₹392
Men Printed Round Neck Blue T-Shirt,₹332
Men Solid Round Neck White T-Shirt,₹440
Boys Printed Polyester T Shirt,₹255
Men Solid Polo Neck Black T-Shirt,₹390
Men Printed Round Neck Blue T-Shirt,₹330
Men Printed Round Neck Blue T-Shirt,₹364
Casual Sleeveless Self Design Women Black Top,₹384
Men Solid Polo Neck Green T-Shirt,₹480
Men Solid Calf Length,₹221
Men Solid Dark Blue Track Pants,₹417
Men Solid Round Neck Dark Blue T-Shirt,₹395
Men Printed Round Neck Grey T-Shirt,₹287
Men Printed Round Neck Black T-Shirt,₹332
Men Self Design Round Neck Grey T-Shirt,₹395
Men Printed Round Neck Purple T-Shirt,₹377
Men Printed Round Neck Yellow T-Shirt,₹328
Men Printed Round Neck Purple T-Shirt,₹377
Men Printed Round Neck Multicolor T-Shirt,₹435
Men Solid Round Neck Grey T-Shirt,₹415
Solid Men Beige Sports Shorts,₹377
Boys Solid Polyester T Shirt,₹175
Men Printed Round Neck Red T-Shirt,₹399
"Color Block Men Black, Light Green Sports Shorts",₹429
Men Solid Purple Track Pants,₹458
Men Printed Round Neck Pink T-Shirt,₹308
Men Typography Round Neck Light Blue T-Shirt,₹332
Men Typography Round Neck Pink T-Shirt,₹406
Solid Men Green Sports Shorts,₹447
Men Printed Round Neck Blue T-Shirt,₹319
Men Solid Green Track Pants,₹476
Solid Men Dark Grey Sports Shorts,₹447
Men Solid Round Neck Black T-Shirt,₹395
Track Pant For Boys,₹447
Solid Men Black Sports Shorts,₹445
Men Printed Round Neck Dark Blue T-Shirt,₹440
Women Printed Round Neck Grey T-Shirt,₹329
Men Solid Round Neck Maroon T-Shirt,₹369
Pack of 2 Solid Men Maroon Sports Shorts,₹455
Women Printed Round Neck Orange T-Shirt,₹422
Men Solid Round Neck Blue T-Shirt,₹350
Men Printed Round Neck Purple T-Shirt,₹435
Men Self Design Round Neck Grey T-Shirt,₹440
Men Solid Round Neck White T-Shirt,₹440
Men Printed Round Neck Black T-Shirt,₹480
Women Solid Round Neck Pink T-Shirt,₹339
Solid Men Dark Blue Sports Shorts,₹455
Men Solid Round Neck Green T-Shirt,₹300
Men Solid Round Neck White T-Shirt,₹332
Men Solid Round Neck Black T-Shirt,₹297
Women Solid Ankle Length,₹263
Men Printed Round Neck Dark Blue T-Shirt,₹414
Men Solid Round Neck Dark Blue T-Shirt,₹422
Men Printed Round Neck Black T-Shirt,₹332
Men Solid Ankle Length,₹307
Men Solid Round Neck Orange T-Shirt,₹332
Men Self Design Blue Track Pants,₹490
Solid Men Black Sports Shorts,₹429
Men Printed Round Neck Orange T-Shirt,₹315
Men Printed Round Neck Black T-Shirt,₹377
Men Printed Round Neck Black T-Shirt,₹332
"Men Printed Round Neck White, Orange T-Shirt",₹395
Women Solid Round Neck Red T-Shirt,₹332
Men Printed Round Neck Blue T-Shirt,₹351
Men Printed Round Neck Yellow T-Shirt,₹339
Men Printed Round Neck Black T-Shirt,₹385
Men Calf Length,₹367
Men Printed Round Neck Blue T-Shirt,₹377
Women Color Block Round Neck Green T-Shirt,₹395
Men Solid Round Neck Red T-Shirt,₹377
Men Self Design Round Neck Grey T-Shirt,₹395
Men Typography Round Neck Green T-Shirt,₹337
Printed Men Blue Sports Shorts,₹464
Men Typography Round Neck Beige T-Shirt,₹308
Women Ankle Length,₹244
Men Printed Round Neck Red T-Shirt,₹319
Men Solid Round Neck Black T-Shirt,₹361
Men Printed Round Neck Blue T-Shirt,₹332
Women Solid Round Neck Black T-Shirt,₹395
Men Printed Round Neck Beige T-Shirt,₹319
Men Solid Round Neck Orange T-Shirt,₹392
Men Printed Round Neck Blue T-Shirt,₹332
Men Solid Round Neck White T-Shirt,₹440
Boys Printed Polyester T Shirt,₹255
Men Solid Polo Neck Black T-Shirt,₹390
Men Printed Round Neck Blue T-Shirt,₹330
Men Printed Round Neck Blue T-Shirt,₹364
Casual Sleeveless Self Design Women Black Top,₹384
Men Solid Polo Neck Green T-Shirt,₹480
Men Solid Calf Length,₹221
Men Solid Dark Blue Track Pants,₹417
Men Solid Round Neck Dark Blue T-Shirt,₹395
Men Printed Round Neck Grey T-Shirt,₹287
Men Printed Round Neck Black T-Shirt,₹332
Men Self Design Round Neck Grey T-Shirt,₹395
Men Printed Round Neck Purple T-Shirt,₹377
Men Printed Round Neck Yellow T-Shirt,₹328
Men Printed Round Neck Purple T-Shirt,₹377
Men Printed Round Neck Multicolor T-Shirt,₹435
Men Solid Round Neck Grey T-Shirt,₹415
Solid Men Beige Sports Shorts,₹377
Boys Solid Polyester T Shirt,₹175
Men Printed Round Neck Red T-Shirt,₹399
"Color Block Men Black, Light Green Sports Shorts",₹429
Men Solid Purple Track Pants,₹458
Men Printed Round Neck Pink T-Shirt,₹308
Men Typography Round Neck Light Blue T-Shirt,₹332
Men Typography Round Neck Pink T-Shirt,₹406
Solid Men Green Sports Shorts,₹447
Men Printed Round Neck Blue T-Shirt,₹319
Men Solid Green Track Pants,₹476
Solid Men Dark Grey Sports Shorts,₹447
Men Solid Round Neck Black T-Shirt,₹395
Track Pant For Boys,₹447
Solid Men Black Sports Shorts,₹445
Men Printed Round Neck Dark Blue T-Shirt,₹440
Women Printed Round Neck Grey T-Shirt,₹329
Men Solid Round Neck Maroon T-Shirt,₹369
Pack of 2 Solid Men Maroon Sports Shorts,₹455
Women Printed Round Neck Orange T-Shirt,₹422
Men Solid Round Neck Blue T-Shirt,₹350
Men Printed Round Neck Purple T-Shirt,₹435
Men Self Design Round Neck Grey T-Shirt,₹440
Men Solid Round Neck White T-Shirt,₹440
Men Printed Round Neck Black T-Shirt,₹480
Women Solid Round Neck Pink T-Shirt,₹339
Solid Men Dark Blue Sports Shorts,₹455
Men Solid Round Neck Green T-Shirt,₹300
Men Solid Round Neck White T-Shirt,₹332
Women Solid Ankle Length,₹263
Men Solid Round Neck Dark Blue T-Shirt,₹422
Men Printed Round Neck Black T-Shirt,₹332
Men Solid Ankle Length,₹307
Men Solid Round Neck Orange T-Shirt,₹332
Men Self Design Blue Track Pants,₹490
Solid Men Black Sports Shorts,₹429
Men Printed Round Neck Orange T-Shirt,₹315
Men Printed Round Neck Black T-Shirt,₹332
Women Solid Round Neck Red T-Shirt,₹332
Men Printed Round Neck Blue T-Shirt,₹351
Men Printed Round Neck Yellow T-Shirt,₹339
Men Printed Round Neck Black T-Shirt,₹385
Men Calf Length,₹367
Men Printed Round Neck Blue T-Shirt,₹377
Women Color Block Round Neck Green T-Shirt,₹395
Men Self Design Round Neck Grey T-Shirt,₹395
Men Typography Round Neck Green T-Shirt,₹337
Women Ankle Length,₹244
Men Printed Round Neck Red T-Shirt,₹319
Men Printed Round Neck Blue T-Shirt,₹332
Women Solid Round Neck Black T-Shirt,₹395
Men Printed Round Neck Beige T-Shirt,₹319
Men Solid Round Neck Orange T-Shirt,₹392
Men Printed Round Neck Blue T-Shirt,₹332
Men Solid Round Neck White T-Shirt,₹440
Boys Printed Polyester T Shirt,₹255
Men Solid Polo Neck Black T-Shirt,₹390
Men Printed Round Neck Blue T-Shirt,₹330
Men Printed Round Neck Blue T-Shirt,₹364
Men Solid Dark Blue Track Pants,₹417
Men Solid Round Neck Dark Blue T-Shirt,₹395
Men Printed Round Neck Grey T-Shirt,₹287
Men Printed Round Neck Black T-Shirt,₹332
Men Self Design Round Neck Grey T-Shirt,₹395
Men Printed Round Neck Purple T-Shirt,₹377
Men Printed Round Neck Yellow T-Shirt,₹328
Men Printed Round Neck Purple T-Shirt,₹377
Men Printed Round Neck Multicolor T-Shirt,₹435
Solid Men Beige Sports Shorts,₹377
Boys Solid Polyester T Shirt,₹175
Men Printed Round Neck Red T-Shirt,₹399
"Color Block Men Black, Light Green Sports Shorts",₹429
Men Solid Purple Track Pants,₹458
Men Printed Round Neck Pink T-Shirt,₹308
Men Typography Round Neck Light Blue T-Shirt,₹332
Men Typography Round Neck Pink T-Shirt,₹406
Solid Men Green Sports Shorts,₹447
Men Printed Round Neck Blue T-Shirt,₹319
Men Solid Green Track Pants,₹476
Solid Men Dark Grey Sports Shorts,₹447
Men Solid Round Neck Black T-Shirt,₹395
Track Pant For Boys,₹447
Solid Men Black Sports Shorts,₹445
Men Printed Round Neck Dark Blue T-Shirt,₹440
Women Printed Round Neck Grey T-Shirt,₹329
Men Solid Round Neck Maroon T-Shirt,₹369
Women Printed Round Neck Orange T-Shirt,₹422
Men Solid Round Neck Blue T-Shirt,₹350
Men Printed Round Neck Purple T-Shirt,₹435
Men Printed Round Neck Black T-Shirt,₹480
Women Solid Round Neck Pink T-Shirt,₹339
Men Solid Round Neck Green T-Shirt,₹300
Men Typography Round Neck Blue T-Shirt,₹332
Women Sports Non Padded Bra,₹269
Pack of 2 Women Sports Non Padded Bra,₹441
Men Solid Round Neck Black T-Shirt,₹447
Men Printed Round Neck White T-Shirt,₹364
Boys Typography Polyester T Shirt,₹428
Solid Men Blue Regular Shorts,₹447
Women Printed Round Neck Pink T-Shirt,₹296
Women Solid Round Neck Pink T-Shirt,₹377
Solid Men Grey Sports Shorts,₹377
Men Solid Blue Track Pants,₹476
Men Solid Polo Neck Navy Blue T-Shirt,₹455
Men Solid Green Track Pants,₹476
Men Printed Round Neck Blue T-Shirt,₹495
Men Printed Round Neck Blue T-Shirt,₹351
Track Pant For Girls,₹479
Men Solid Round Neck White T-Shirt,₹332
Women Solid Ankle Length,₹263
Men Solid Round Neck Dark Blue T-Shirt,₹422
Men Printed Round Neck Black T-Shirt,₹332
Men Solid Ankle Length,₹307
Men Solid Round Neck Orange T-Shirt,₹332
Men Self Design Blue Track Pants,₹490
Solid Men Black Sports Shorts,₹429
Men Printed Round Neck Orange T-Shirt,₹315
Men Printed Round Neck Black T-Shirt,₹332
Women Solid Round Neck Red T-Shirt,₹332
Men Printed Round Neck Blue T-Shirt,₹351
Men Printed Round Neck Yellow T-Shirt,₹339
Men Printed Round Neck Black T-Shirt,₹385
Men Calf Length,₹367
Men Printed Round Neck Blue T-Shirt,₹377
Women Color Block Round Neck Green T-Shirt,₹395
Men Self Design Round Neck Grey T-Shirt,₹395
Men Typography Round Neck Green T-Shirt,₹337
Women Ankle Length,₹244
Men Printed Round Neck Red T-Shirt,₹319
Men Printed Round Neck Blue T-Shirt,₹332
Women Solid Round Neck Black T-Shirt,₹395
Men Printed Round Neck Beige T-Shirt,₹319
Men Solid Round Neck Orange T-Shirt,₹392
Men Printed Round Neck Blue T-Shirt,₹332
Men Solid Round Neck White T-Shirt,₹440
Boys Printed Polyester T Shirt,₹255
Men Solid Polo Neck Black T-Shirt,₹390
Men Printed Round Neck Blue T-Shirt,₹330
Men Printed Round Neck Blue T-Shirt,₹364
Men Solid Dark Blue Track Pants,₹417
Men Solid Round Neck Dark Blue T-Shirt,₹395
Men Printed Round Neck Grey T-Shirt,₹287
Men Printed Round Neck Black T-Shirt,₹332
Men Self Design Round Neck Grey T-Shirt,₹395
Men Printed Round Neck Purple T-Shirt,₹377
Men Printed Round Neck Yellow T-Shirt,₹328
Men Printed Round Neck Purple T-Shirt,₹377
Men Printed Round Neck Multicolor T-Shirt,₹435
Men Vest,₹161
Men Solid Dark Blue Track Pants,₹417
Men Solid Polo Neck Green T-Shirt,₹480
Men Solid Calf Length,₹221
Men Solid Round Neck Dark Blue T-Shirt,₹395
Men Printed Round Neck Grey T-Shirt,₹287
Solid Men Green Sports Shorts,₹447
Casual Sleeveless Printed Women Orange Top,₹350
Men Printed Round Neck Black T-Shirt,₹332
Men Self Design Round Neck Grey T-Shirt,₹395
Men Solid Round Neck Blue T-Shirt,₹349
Solid Men White Regular Shorts,₹447
Men Printed Round Neck Purple T-Shirt,₹377
Men Printed Round Neck Yellow T-Shirt,₹328
Men Printed Round Neck Purple T-Shirt,₹377
Men Printed Round Neck Multicolor T-Shirt,₹435
Solid Men Beige Sports Shorts,₹447
Solid Men Dark Grey Sports Shorts,₹447
Men Solid Round Neck Grey T-Shirt,₹415
Solid Men Beige Sports Shorts,₹377
Men Printed Round Neck Red T-Shirt,₹406
Men Solid Round Neck Red T-Shirt,₹377
Boys Solid Polyester T Shirt,₹175
Men Printed Round Neck Red T-Shirt,₹399
"Color Block Men Black, Light Green Sports Shorts",₹429
Men Solid Purple Track Pants,₹458
Men Typography Round Neck Pink T-Shirt,₹406
Women Sports Non Padded Bra,₹269
Men Printed Round Neck Pink T-Shirt,₹308
Men Typography Round Neck Light Blue T-Shirt,₹332
Casual Sleeveless Printed Women Orange Top,₹406
"Men Printed Round Neck Pink, Dark Green T-Shirt",₹296
Men Typography Round Neck Pink T-Shirt,₹406
Men Printed Round Neck Blue T-Shirt,₹319
Men Solid Green Track Pants,₹476
Solid Men Dark Grey Sports Shorts,₹447
Men Printed Round Neck Blue T-Shirt,₹332
Short For Girls Casual Solid Pure Cotton,₹369
Men Solid Round Neck Black T-Shirt,₹395
Track Pant For Boys,₹447
Girls Printed Cotton Blend T Shirt,₹443
Short For Girls Casual Solid Pure Cotton,₹369
Men Solid Round Neck White T-Shirt,₹332
Women Solid Ankle Length,₹263
Men Solid Round Neck Dark Blue T-Shirt,₹422
Men Printed Round Neck Black T-Shirt,₹332
Men Solid Ankle Length,₹307
Solid Men Dark Grey Sports Shorts,₹447
Men Solid Round Neck Orange T-Shirt,₹332
Men Self Design Blue Track Pants,₹490
Men Printed Round Neck Black T-Shirt,₹480
Women Printed Round Neck Black T-Shirt,₹480
Solid Men Black Sports Shorts,₹429
Men Printed Round Neck Orange T-Shirt,₹315
Men Printed Round Neck Black T-Shirt,₹332
Women Solid Round Neck Red T-Shirt,₹332
Girls Printed Cotton Blend T Shirt,₹443
Women Typography Round Neck Grey T-Shirt,₹328
Men Printed Round Neck Blue T-Shirt,₹351
Men Printed Round Neck Yellow T-Shirt,₹339
﻿Short For Girls Casual Striped Pure Cotton,₹443
Men Solid Calf Length,₹221
Men Printed Round Neck Black T-Shirt,₹385
Men Calf Length,₹367
Men Printed Round Neck Blue T-Shirt,₹377
Women Color Block Round Neck Green T-Shirt,₹395
Women Printed Round Neck Black T-Shirt,₹269
Baby Boys Striped Polyester T Shirt,₹443
Men Self Design Round Neck Grey T-Shirt,₹395
Men Typography Round Neck Green T-Shirt,₹337
Boys Mid-Calf/Crew,₹258
Boys Mid-Calf/Crew,₹258
Women Ankle Length,₹244
Men Printed Round Neck Red T-Shirt,₹319
Men Printed Round Neck Blue T-Shirt,₹332
Women Solid Round Neck Black T-Shirt,₹395
Boys Mid-Calf/Crew,₹258
Men Typography Round Neck Blue T-Shirt,₹350
Men Printed Round Neck Beige T-Shirt,₹319
Men Solid Round Neck Orange T-Shirt,₹392
Men Vest,₹161
Men Solid Dark Blue Track Pants,₹417
Men Typography Round Neck Beige T-Shirt,₹308
Women Ankle Length,₹244
Men Printed Round Neck Red T-Shirt,₹319
Men Solid Round Neck Black T-Shirt,₹361
Solid Men Green Sports Shorts,₹447
Casual Sleeveless Printed Women Orange Top,₹350
Men Printed Round Neck Blue T-Shirt,₹332
Women Solid Round Neck Black T-Shirt,₹395
Men Solid Round Neck Blue T-Shirt,₹349
Solid Men White Regular Shorts,₹447
Men Printed Round Neck Beige T-Shirt,₹319
Men Solid Round Neck Orange T-Shirt,₹392
Men Printed Round Neck Blue T-Shirt,₹332
Men Solid Round Neck White T-Shirt,₹440
Solid Men Beige Sports Shorts,₹447
Solid Men Dark Grey Sports Shorts,₹447
Boys Printed Polyester T Shirt,₹255
Men Solid Polo Neck Black T-Shirt,₹390
Men Printed Round Neck Red T-Shirt,₹406
Men Solid Round Neck Red T-Shirt,₹377
Men Printed Round Neck Blue T-Shirt,₹330
Men Printed Round Neck Blue T-Shirt,₹364
Casual Sleeveless Self Design Women Black Top,₹384
Men Solid Polo Neck Green T-Shirt,₹480
Men Typography Round Neck Pink T-Shirt,₹406
Women Sports Non Padded Bra,₹269
Men Solid Calf Length,₹221
Men Solid Round Neck Dark Blue T-Shirt,₹395
Men Solid Purple Track Pants,₹458
Casual Sleeveless Printed Women Orange Top,₹406
Men Printed Round Neck Grey T-Shirt,₹287
Men Printed Round Neck Black T-Shirt,₹332
Men Self Design Round Neck Grey T-Shirt,₹395
Men Printed Round Neck Purple T-Shirt,₹377
"Men Printed Round Neck Pink, Dark Green T-Shirt",₹296
Short For Girls Casual Solid Pure Cotton,₹369
Men Printed Round Neck Yellow T-Shirt,₹328
Men Printed Round Neck Purple T-Shirt,₹377
Girls Printed Cotton Blend T Shirt,₹443
Short For Girls Casual Solid Pure Cotton,₹369
Men Solid Round Neck White T-Shirt,₹332
Men Solid Round Neck Black T-Shirt,₹297
Women Solid Ankle Length,₹263
Men Printed Round Neck Dark Blue T-Shirt,₹414
Men Solid Round Neck Dark Blue T-Shirt,₹422
Solid Men Dark Grey Sports Shorts,₹447
Men Printed Round Neck Black T-Shirt,₹332
Men Solid Ankle Length,₹307
Men Printed Round Neck Black T-Shirt,₹480
Women Printed Round Neck Black T-Shirt,₹480
Men Solid Round Neck Orange T-Shirt,₹332
Men Self Design Blue Track Pants,₹490
Solid Men Black Sports Shorts,₹429
Men Printed Round Neck Orange T-Shirt,₹315
Girls Printed Cotton Blend T Shirt,₹443
Women Typography Round Neck Grey T-Shirt,₹328
Men Printed Round Neck Black T-Shirt,₹377
Men Printed Round Neck Black T-Shirt,₹332
Short For Girls Casual Striped Pure Cotton,₹443
Men Solid Calf Length,₹221
"Men Printed Round Neck White, Orange T-Shirt",₹395
Women Solid Round Neck Red T-Shirt,₹332
Men Printed Round Neck Blue T-Shirt,₹351
Men Printed Round Neck Yellow T-Shirt,₹339
Women Printed Round Neck Black T-Shirt,₹269
Baby Boys Striped Polyester T Shirt,₹443
Men Printed Round Neck Black T-Shirt,₹385
Men Calf Length,₹367
Boys Mid-Calf/Crew,₹258
Boys Mid-Calf/Crew,₹258
Men Printed Round Neck Blue T-Shirt,₹377
Women Color Block Round Neck Green T-Shirt,₹395
Men Solid Round Neck Red T-Shirt,₹377
Men Self Design Round Neck Grey T-Shirt,₹395
Boys Mid-Calf/Crew,₹258
Men Typography Round Neck Blue T-Shirt,₹350
Men Typography Round Neck Green T-Shirt,₹337
Printed Men Blue Sports Shorts,₹464
Men Vest,₹161
Men Solid Dark Blue Track Pants,₹417
Men Typography Round Neck Beige T-Shirt,₹308
Women Ankle Length,₹244
Men Printed Round Neck Red T-Shirt,₹319
Men Solid Round Neck Black T-Shirt,₹361
Solid Men Green Sports Shorts,₹447
Casual Sleeveless Printed Women Orange Top,₹350
Men Printed Round Neck Blue T-Shirt,₹332
Women Solid Round Neck Black T-Shirt,₹395
Men Solid Round Neck Blue T-Shirt,₹349
Solid Men White Regular Shorts,₹447
Men Printed Round Neck Beige T-Shirt,₹319
Men Solid Round Neck Orange T-Shirt,₹392
Men Printed Round Neck Blue T-Shirt,₹332
Men Solid Round Neck White T-Shirt,₹440
Solid Men Beige Sports Shorts,₹447
Solid Men Dark Grey Sports Shorts,₹447
Boys Printed Polyester T Shirt,₹255
Men Solid Polo Neck Black T-Shirt,₹390
Men Printed Round Neck Red T-Shirt,₹406
Men Solid Round Neck Red T-Shirt,₹377
Men Printed Round Neck Blue T-Shirt,₹330
Men Printed Round Neck Blue T-Shirt,₹364
Casual Sleeveless Self Design Women Black Top,₹384
Men Solid Polo Neck Green T-Shirt,₹480
Men Typography Round Neck Pink T-Shirt,₹406
Women Sports Non Padded Bra,₹269
Men Solid Calf Length,₹221
Men Solid Round Neck Dark Blue T-Shirt,₹395
Men Solid Purple Track Pants,₹458
Casual Sleeveless Printed Women Orange Top,₹406
Men Printed Round Neck Grey T-Shirt,₹287
Men Printed Round Neck Black T-Shirt,₹332
Men Self Design Round Neck Grey T-Shirt,₹395
Men Printed Round Neck Purple T-Shirt,₹377
"Men Printed Round Neck Pink, Dark Green T-Shirt",₹296
Short For Girls Casual Solid Pure Cotton,₹369
Men Printed Round Neck Yellow T-Shirt,₹328
Men Printed Round Neck Purple T-Shirt,₹377
Girls Printed Cotton Blend T Shirt,₹443
Short For Girls Casual Solid Pure Cotton,₹369
Men Solid Round Neck White T-Shirt,₹332
Men Solid Round Neck Black T-Shirt,₹297
Women Solid Ankle Length,₹263
Men Printed Round Neck Dark Blue T-Shirt,₹414
Men Solid Round Neck Dark Blue T-Shirt,₹422
Solid Men Dark Grey Sports Shorts,₹447
Men Printed Round Neck Black T-Shirt,₹332
Men Solid Ankle Length,₹307
Men Printed Round Neck Black T-Shirt,₹480
Women Printed Round Neck Black T-Shirt,₹480
Men Solid Round Neck Orange T-Shirt,₹332
Men Self Design Blue Track Pants,₹490
Solid Men Black Sports Shorts,₹429
Men Printed Round Neck Orange T-Shirt,₹315
Girls Printed Cotton Blend T Shirt,₹443
Women Typography Round Neck Grey T-Shirt,₹328
Men Printed Round Neck Black T-Shirt,₹377
Men Printed Round Neck Black T-Shirt,₹332
Short For Girls Casual Striped Pure Cotton,₹443
Men Solid Calf Length,₹221
"Men Printed Round Neck White, Orange T-Shirt",₹395
Women Solid Round Neck Red T-Shirt,₹332
Men Printed Round Neck Blue T-Shirt,₹351
Men Printed Round Neck Yellow T-Shirt,₹339
Women Printed Round Neck Black T-Shirt,₹269
Baby Boys Striped Polyester T Shirt,₹443
Men Printed Round Neck Black T-Shirt,₹385
Men Calf Length,₹367
Boys Mid-Calf/Crew,₹258
Boys Mid-Calf/Crew,₹258
Men Printed Round Neck Blue T-Shirt,₹377
Women Color Block Round Neck Green T-Shirt,₹395
Men Solid Round Neck Red T-Shirt,₹377
Men Self Design Round Neck Grey T-Shirt,₹395
Boys Mid-Calf/Crew,₹258
Men Typography Round Neck Blue T-Shirt,₹350
Men Typography Round Neck Green T-Shirt,₹337
Printed Men Blue Sports Shorts,₹464
Men Vest,₹161
Men Solid Dark Blue Track Pants,₹417
Men Typography Round Neck Beige T-Shirt,₹308
Women Ankle Length,₹244
Men Printed Round Neck Red T-Shirt,₹319
Men Solid Round Neck Black T-Shirt,₹361
Solid Men Green Sports Shorts,₹447
Casual Sleeveless Printed Women Orange Top,₹350
Men Printed Round Neck Blue T-Shirt,₹332
Women Solid Round Neck Black T-Shirt,₹395
Men Solid Round Neck Blue T-Shirt,₹349
Solid Men White Regular Shorts,₹447
Men Printed Round Neck Beige T-Shirt,₹319
Men Solid Round Neck Orange T-Shirt,₹392
Men Printed Round Neck Blue T-Shirt,₹332
Men Solid Round Neck White T-Shirt,₹440
Solid Men Beige Sports Shorts,₹447
Solid Men Dark Grey Sports Shorts,₹447
Boys Printed Polyester T Shirt,₹255
Men Solid Polo Neck Black T-Shirt,₹390
Men Printed Round Neck Red T-Shirt,₹406
Men Solid Round Neck Red T-Shirt,₹377
Men Printed Round Neck Blue T-Shirt,₹330
Men Printed Round Neck Blue T-Shirt,₹364
Casual Sleeveless Self Design Women Black Top,₹384
Men Solid Polo Neck Green T-Shirt,₹480
Men Typography Round Neck Pink T-Shirt,₹406
Women Sports Non Padded Bra,₹269
Men Solid Calf Length,₹221
Men Solid Round Neck Dark Blue T-Shirt,₹395
Men Solid Purple Track Pants,₹458
Casual Sleeveless Printed Women Orange Top,₹406
Men Printed Round Neck Grey T-Shirt,₹287
Men Printed Round Neck Black T-Shirt,₹332
Men Self Design Round Neck Grey T-Shirt,₹395
Men Printed Round Neck Purple T-Shirt,₹377
"Men Printed Round Neck Pink, Dark Green T-Shirt",₹296
Short For Girls Casual Solid Pure Cotton,₹369
Men Printed Round Neck Yellow T-Shirt,₹328
Men Printed Round Neck Purple T-Shirt,₹377
Girls Printed Cotton Blend T Shirt,₹443
Short For Girls Casual Solid Pure Cotton,₹369
Men Solid Round Neck White T-Shirt,₹332
Men Solid Round Neck Black T-Shirt,₹297
Women Solid Ankle Length,₹263
Men Printed Round Neck Dark Blue T-Shirt,₹414
Men Solid Round Neck Dark Blue T-Shirt,₹422
Solid Men Dark Grey Sports Shorts,₹447
Men Printed Round Neck Black T-Shirt,₹332
Men Solid Ankle Length,₹307
Men Printed Round Neck Black T-Shirt,₹480
Women Printed Round Neck Black T-Shirt,₹480
Men Solid Round Neck Orange T-Shirt,₹332
Men Self Design Blue Track Pants,₹490
Solid Men Black Sports Shorts,₹429
Men Printed Round Neck Orange T-Shirt,₹315
Girls Printed Cotton Blend T Shirt,₹443
Women Typography Round Neck Grey T-Shirt,₹328
Men Printed Round Neck Black T-Shirt,₹377
Men Printed Round Neck Black T-Shirt,₹332
Short For Girls Casual Striped Pure Cotton,₹443
Men Solid Calf Length,₹221
"Men Printed Round Neck White, Orange T-Shirt",₹395
Women Solid Round Neck Red T-Shirt,₹332
Men Printed Round Neck Blue T-Shirt,₹351
Men Printed Round Neck Yellow T-Shirt,₹339
